Step,Firm1 Deposits,Firm1 Loans,Firm2 Deposits,Firm2 Loans,Firm3 Deposits,Firm3 Loans,Household1 Deposits,Household1 Loans,Household2 Deposits,Household2 Loans,Household3 Deposits,Household3 Loans,Bank Deposist,Bank Loans
1,-3607.672782981548,100.0,-3607.672782981548,100.0,-3607.672782981548,100.0,-30.0,0.0,-30.0,0.0,-30.0,0.0,300.0,10913.018348944644
2,-6150.191533796594,267.30000000000007,-6150.191533796593,267.30000000000007,-6150.191533796594,267.30000000000007,-42.053604608859956,0.0,-42.053604608859956,0.0,-42.053604608859956,0.0,801.9000000000002,18576.73541521636
3,-9161.620335625308,534.3496238606213,-9161.620335625305,534.3496238606213,-9161.620335625308,534.3496238606213,-43.91582384176576,0.0,-43.91582384176576,0.0,-43.91582384176576,0.0,1603.0488715818638,27616.60847840122
4,-12837.667497744817,947.9139256597058,-12837.667497744813,947.9139256597056,-12837.667497744817,947.9139256597058,-44.174554783480446,0.0,-44.174554783480446,0.0,-44.174554783480446,0.0,2843.7417769791173,38645.526157584885
5,-16998.026613531678,1518.686123571214,-16998.02661353167,1518.6861235712136,-16998.026613531678,1518.686123571214,-44.33457633564254,0.0,-44.33457633564255,0.0,-44.33457633564254,0.0,4556.058370713641,51127.08356960195
6,-21433.747983079018,2241.967748596256,-21433.747983079007,2241.967748596255,-21433.747983079018,2241.967748596256,-44.4689461133039,0.0,-44.4689461133039,0.0,-44.468946113303915,0.0,6725.903245788768,64434.65078757695
7,-25914.740417699155,3091.637092075741,-25914.74041769915,3091.6370920757395,-25914.740417699155,3091.637092075741,-44.46174089559082,0.0,-44.46174089559082,0.0,-44.461740895590836,0.0,9274.911276227222,77877.60647578424
8,-30209.174980498334,4021.910958266376,-30209.17498049833,4021.9109582663737,-30209.174980498334,4021.910958266376,-44.17841146069203,0.0,-44.17841146069203,0.0,-44.17841146069205,0.0,12065.732874799125,90760.06017587706
9,-34126.25763264256,4974.375203924478,-34126.25763264256,4974.375203924477,-34126.25763264256,4974.375203924478,-43.81413252987983,0.0,-43.81413252987983,0.0,-43.814132529879814,0.0,14923.125611773434,102510.21529551734
10,-37537.01098030943,5887.409926862019,-37537.01098030943,5887.409926862019,-37537.01098030943,5887.409926862019,-43.97779832216804,0.0,-43.97779832216804,0.0,-43.97779832216803,0.0,17662.229780586058,112742.9663358948
11,-40298.46241606699,6706.75097086092,-40298.46241606699,6706.75097086092,-40298.46241606699,6706.75097086092,-44.2743913222111,0.0,-44.27439132221109,0.0,-44.27439132221109,0.0,20120.25291258276,121028.21042216763
12,-42381.01684853661,7394.3713160690595,-42381.01684853661,7394.3713160690595,-42381.01684853661,7394.3713160690595,-44.47726022702791,0.0,-44.47726022702791,0.0,-44.47726022702791,0.0,22183.113948207178,127276.4823262909
13,-43799.541347877304,7927.658273786191,-43799.541347877304,7927.658273786191,-43799.541347877304,7927.658273786191,-44.3567698206856,0.0,-44.3567698206856,0.0,-44.3567698206856,0.0,23782.97482135857,131531.69435309398
14,-44662.491865396136,8300.99704178686,-44662.491865396136,8300.99704178686,-44662.491865396136,8300.99704178686,-44.42248836196278,0.0,-44.42248836196276,0.0,-44.42248836196276,0.0,24902.991125360582,134120.7430612743
15,-45027.047407603386,8523.660117958083,-45027.047407603386,8523.660117958083,-45027.047407603386,8523.660117958083,-44.50528456201472,0.0,-44.50528456201471,0.0,-44.50528456201471,0.0,25570.98035387425,135214.65807649624
16,-45033.154683977424,8619.322072372202,-45033.154683977424,8619.322072372202,-45033.154683977424,8619.322072372202,-44.82566501828471,0.0,-44.825665018284695,0.0,-44.825665018284695,0.0,25857.966217116606,135233.94104698717
17,-44728.5214183019,8616.841025350388,-44728.5214183019,8616.841025350388,-44728.5214183019,8616.841025350388,-44.527037956294194,0.0,-44.52703795629418,0.0,-44.52703795629418,0.0,25850.523076051162,134319.1453687746
18,-44339.66256124778,8547.688099984261,-44339.66256124778,8547.688099984261,-44339.66256124778,8547.688099984261,-44.72454635371801,0.0,-44.724546353718,0.0,-44.72454635371801,0.0,25643.064299952784,133153.1613228045
19,-43829.58301015385,8436.80705999968,-43829.58301015385,8436.80705999968,-43829.58301015385,8436.80705999968,-44.48083405058814,0.0,-44.48083405058813,0.0,-44.48083405058814,0.0,25310.421179999044,131622.19153261333
20,-43377.64323802575,8311.086502584956,-43377.64323802575,8311.086502584956,-43377.64323802575,8311.086502584956,-44.649541443246534,0.0,-44.64954144324652,0.0,-44.649541443246534,0.0,24933.25950775487,130266.87833840698
21,-42937.8828644302,8186.250252943781,-42937.8828644302,8186.250252943781,-42937.8828644302,8186.250252943781,-44.53846868355163,0.0,-44.53846868355161,0.0,-44.53846868355163,0.0,24558.750758831342,128947.26399934124
22,-42608.32010391122,8076.896814748432,-42608.32010391122,8076.896814748432,-42608.32010391122,8076.896814748432,-44.630361110868435,0.0,-44.63036111086846,0.0,-44.630361110868435,0.0,24230.690444245294,127958.85139506625
23,-42347.90122393705,7988.258343127147,-42347.90122393705,7988.258343127147,-42347.90122393705,7988.258343127147,-44.550067487406295,0.0,-44.550067487406324,0.0,-44.550067487406295,0.0,23964.775029381442,127177.35387427337
24,-42198.94939605461,7923.9328785376,-42198.94939605461,7923.9328785376,-42198.94939605461,7923.9328785376,-44.67543115431475,0.0,-44.67543115431475,0.0,-44.675431154314765,0.0,23771.7986356128,126730.87448162679
25,-42116.52339731586,7882.209721336971,-42116.52339731586,7882.209721336971,-42116.52339731586,7882.209721336971,-44.78988024795477,0.0,-44.78988024795477,0.0,-44.78988024795477,0.0,23646.62916401091,126483.93983269145
26,-42069.26451436605,7861.265169648841,-42069.26451436605,7861.265169648841,-42069.264514366034,7861.265169648841,-44.43424240221381,0.0,-44.4342424022138,0.0,-44.43424240221381,0.0,23583.79550894652,126341.09627030477
27,-42120.67401852845,7856.757553992885,-42120.67401852845,7856.757553992885,-42120.67401852845,7856.757553992885,-44.55766526781629,0.0,-44.55766526781629,0.0,-44.55766526781629,0.0,23570.272661978655,126495.69505138877
28,-42175.64835646568,7862.033512211508,-42175.64835646568,7862.033512211508,-42175.64835646566,7862.033512211506,-44.715591832278264,0.0,-44.715591832278264,0.0,-44.71559183227828,0.0,23586.100536634523,126661.09184489386
29,-42223.53895772369,7875.700061222778,-42223.53895772369,7875.700061222778,-42223.538957723686,7875.700061222775,-44.51283659682319,0.0,-44.51283659682322,0.0,-44.512836596823206,0.0,23627.10018366833,126804.15538296153
30,-42282.437113414046,7893.934388138231,-42282.437113414046,7893.934388138231,-42282.437113414024,7893.934388138227,-44.13384194554487,0.0,-44.13384194554486,0.0,-44.13384194554489,0.0,23681.80316441469,126979.71286607874
31,-42385.02427844545,7911.906302849747,-42385.024278445446,7911.906302849747,-42385.02427844543,7911.906302849743,-44.4276286790945,0.0,-44.4276286790945,0.0,-44.4276286790945,0.0,23735.71890854924,127288.35572137363
32,-42444.45271503677,7927.128399650014,-42444.45271503677,7927.128399650014,-42444.45271503677,7927.1283996500115,-44.767041321387424,0.0,-44.767041321387424,0.0,-44.76704132138741,0.0,23781.38519895004,127467.65926907447
33,-42456.54830078881,7941.921987358364,-42456.54830078878,7941.921987358363,-42456.54830078878,7941.921987358361,-44.50111121866128,0.0,-44.50111121866129,0.0,-44.50111121866128,0.0,23825.765962075086,127503.14823602236
34,-42502.017155750436,7955.063381469705,-42502.01715575039,7955.063381469701,-42502.0171557504,7955.063381469701,-44.45561350989111,0.0,-44.45561350989111,0.0,-44.455613509891094,0.0,23865.190144409105,127639.4183077809
35,-42521.63825271111,7963.035713689738,-42521.638252711055,7963.035713689732,-42521.638252711076,7963.035713689733,-44.437338005102916,0.0,-44.437338005102916,0.0,-44.437338005102916,0.0,23889.107141069202,127698.22677214854
36,-42521.32814995207,7967.627114746523,-42521.32814995198,7967.627114746514,-42521.32814995201,7967.627114746516,-44.29731411184095,0.0,-44.29731411184095,0.0,-44.29731411184095,0.0,23902.88134423955,127696.87639219158
37,-42504.675846635604,7969.536454135541,-42504.67584663551,7969.536454135528,-42504.67584663553,7969.536454135532,-43.935299708034876,0.0,-43.935299708034876,0.0,-43.93529970803489,0.0,23908.6093624066,127645.83343903074
38,-42492.156526706436,7968.85917909366,-42492.156526706334,7968.8591790936425,-42492.15652670638,7968.859179093647,-43.571809406814765,0.0,-43.571809406814765,0.0,-43.571809406814765,0.0,23906.57753728095,127607.18500833958
39,-42485.00622467892,7965.485967396829,-42485.006224678786,7965.485967396808,-42485.00622467884,7965.485967396815,-43.37621530982072,0.0,-43.376215309820736,0.0,-43.376215309820736,0.0,23896.457902190454,127585.147319966
40,-42470.68107501563,7960.624971054854,-42470.68107501552,7960.624971054832,-42470.68107501555,7960.624971054839,-43.22728173868286,0.0,-43.22728173868286,0.0,-43.22728173868285,0.0,23881.874913164524,127541.72507026274
41,-42469.50146772094,7956.0359926698175,-42469.50146772081,7956.035992669795,-42469.501467720846,7956.035992669802,-43.274755267021504,0.0,-43.274755267021504,0.0,-43.274755267021504,0.0,23868.10797800942,127538.32866896366
42,-42471.437060325086,7952.340711859739,-42471.43706032498,7952.340711859716,-42471.43706032502,7952.340711859723,-43.461491024618525,0.0,-43.46149102461854,0.0,-43.461491024618525,0.0,23857.022135579176,127544.69565404893
43,-42444.84790839717,7950.550270583312,-42444.84790839705,7950.55027058329,-42444.84790839709,7950.550270583297,-43.22620089644498,0.0,-43.226200896444965,0.0,-43.22620089644498,0.0,23851.650811749896,127464.22232788065
44,-42474.993676965285,7950.876482943451,-42474.99367696516,7950.876482943429,-42474.99367696522,7950.876482943437,-43.45687352142164,0.0,-43.45687352142167,0.0,-43.456873521421656,0.0,23852.629448830317,127555.35165145993
45,-42446.76082601602,7950.706209471875,-42446.76082601589,7950.706209471853,-42446.760826015954,7950.70620947186,-43.16409901574205,0.0,-43.16409901574207,0.0,-43.16409901574205,0.0,23852.118628415592,127469.77477509508
46,-42457.01051142656,7952.343974265173,-42457.01051142644,7952.34397426515,-42457.010511426495,7952.34397426516,-42.99879377708335,0.0,-42.99879377708335,0.0,-42.99879377708335,0.0,23857.031922795482,127500.02791561073
47,-42454.45397163103,7952.672200031722,-42454.453971630915,7952.6722000317,-42454.45397163098,7952.672200031712,-42.7891811615841,0.0,-42.78918116158408,0.0,-42.7891811615841,0.0,23858.016600095136,127491.72945837768
48,-42445.32167692155,7952.681774918065,-42445.32167692143,7952.681774918042,-42445.32167692149,7952.6817749180545,-42.459590158291306,0.0,-42.45959015829132,0.0,-42.45959015829132,0.0,23858.045324754163,127463.34380123935
49,-42481.857468807175,7952.289813828647,-42481.85746880706,7952.289813828625,-42481.85746880711,7952.289813828636,-42.7383979445856,0.0,-42.73839794458563,0.0,-42.738397944585614,0.0,23856.86944148591,127573.7876002551
50,-42469.578312547324,7951.131745887746,-42469.5783125472,7951.131745887723,-42469.57831254725,7951.131745887733,-42.76544327980146,0.0,-42.76544327980146,0.0,-42.76544327980146,0.0,23853.395237663204,127537.03126748117
51,-42472.382905745035,7952.403181414571,-42472.382905744904,7952.403181414548,-42472.382905744955,7952.403181414557,-42.739884631177986,0.0,-42.73988463117797,0.0,-42.739884631177986,0.0,23857.209544243677,127545.36837112842
52,-42462.62095848593,7954.036886170799,-42462.62095848581,7954.0368861707775,-42462.62095848586,7954.036886170787,-42.48071502901517,0.0,-42.48071502901519,0.0,-42.48071502901519,0.0,23862.110658512363,127515.30502054463
53,-42499.14166630418,7955.511531051802,-42499.14166630404,7955.511531051779,-42499.141666304095,7955.511531051787,-42.756526339014215,0.0,-42.756526339014215,0.0,-42.75652633901423,0.0,23866.534593155367,127625.69457792935
54,-42505.09595243385,7955.6538258882465,-42505.095952433694,7955.65382588822,-42505.09595243374,7955.653825888229,-43.034469302041245,0.0,-43.034469302041245,0.0,-43.034469302041245,0.0,23866.961477664696,127644.3912652074
55,-42482.265045456435,7957.3510381061305,-42482.26504545626,7957.351038106102,-42482.26504545632,7957.351038106112,-42.822907787537986,0.0,-42.82290778753797,0.0,-42.822907787538,0.0,23872.053114318347,127575.26385973164
56,-42497.59114401845,7959.910471577523,-42497.591144018275,7959.910471577494,-42497.591144018326,7959.910471577503,-42.79947986453969,0.0,-42.799479864539705,0.0,-42.799479864539705,0.0,23879.73141473252,127621.17187164868
57,-42515.08179513795,7960.538252139645,-42515.08179513776,7960.538252139614,-42515.08179513782,7960.538252139623,-43.03553267754221,0.0,-43.03553267754221,0.0,-43.03553267754221,0.0,23881.614756418883,127674.35198344616
58,-42525.92385218942,7960.657217058007,-42525.92385218921,7960.657217057973,-42525.92385218926,7960.657217057982,-43.393809482440176,0.0,-43.393809482440176,0.0,-43.393809482440176,0.0,23881.97165117396,127707.95298501522
59,-42513.0766328935,7961.591657838029,-42513.07663289328,7961.591657837993,-42513.07663289333,7961.591657838,-43.45257433630384,0.0,-43.45257433630384,0.0,-43.45257433630381,0.0,23884.774973514024,127669.58762168902
60,-42502.54476849869,7963.49683485524,-42502.54476849847,7963.4968348552,-42502.54476849853,7963.496834855209,-43.29303842911956,0.0,-43.29303842911956,0.0,-43.29303842911956,0.0,23890.49050456565,127637.51342078304
61,-42494.74372563934,7964.479504291248,-42494.743725639106,7964.479504291205,-42494.74372563918,7964.479504291216,-43.05417275083106,0.0,-43.05417275083106,0.0,-43.05417275083104,0.0,23893.43851287367,127613.39369517012
62,-42511.489564058626,7963.7294300796,-42511.48956405837,7963.729430079553,-42511.48956405846,7963.729430079566,-43.19392656803616,0.0,-43.19392656803616,0.0,-43.19392656803615,0.0,23891.188290238715,127664.05047187956
63,-42513.544408043235,7961.515479708281,-42513.544408042995,7961.515479708233,-42513.54440804307,7961.515479708247,-43.446230682246565,0.0,-43.446230682246565,0.0,-43.44623068224655,0.0,23884.546439124766,127670.97191617604
64,-42504.5507487273,7960.266711398155,-42504.550748727044,7960.266711398109,-42504.550748727124,7960.266711398122,-43.567444990772415,0.0,-43.567444990772415,0.0,-43.5674449907724,0.0,23880.80013419439,127644.35458115379
65,-42510.083404086894,7960.291259219317,-42510.083404086654,7960.291259219271,-42510.08340408674,7960.291259219285,-43.76323474362914,0.0,-43.76323474362914,0.0,-43.76323474362914,0.0,23880.873777657875,127661.53991649118
66,-42499.875766756195,7960.565871835035,-42499.875766755955,7960.56587183499,-42499.87576675604,7960.565871835005,-43.7632420733906,0.0,-43.763242073390586,0.0,-43.7632420733906,0.0,23881.69761550503,127630.91702648836
67,-42478.63056030281,7961.295585701986,-42478.630560302576,7961.2955857019415,-42478.63056030267,7961.295585701959,-43.43230091105279,0.0,-43.43230091105279,0.0,-43.43230091105279,0.0,23883.886757105887,127566.18858364121
68,-42513.600066503146,7961.363301338253,-42513.6000665029,7961.363301338207,-42513.600066503,7961.363301338226,-43.74384460455475,0.0,-43.74384460455475,0.0,-43.74384460455475,0.0,23884.089904014683,127672.03173332271
69,-42483.96714876034,7959.474904608018,-42483.96714876008,7959.4749046079705,-42483.9671487602,7959.4749046079905,-43.61345345132436,0.0,-43.61345345132436,0.0,-43.61345345132436,0.0,23878.42471382398,127582.7418066346
70,-42481.25897428653,7959.353015577668,-42481.25897428628,7959.353015577618,-42481.25897428639,7959.35301557764,-43.49114411431238,0.0,-43.49114411431238,0.0,-43.49114411431238,0.0,23878.059046732924,127574.25035520214
71,-42495.14352303377,7958.44685412499,-42495.14352303349,7958.446854124937,-42495.143523033614,7958.446854124961,-43.65761581415076,0.0,-43.65761581415076,0.0,-43.65761581415076,0.0,23875.340562374888,127616.40341654333
72,-42493.32690218176,7957.144795130093,-42493.32690218149,7957.144795130042,-42493.32690218162,7957.144795130066,-43.81043287582065,0.0,-43.810432875820666,0.0,-43.810432875820666,0.0,23871.434385390203,127611.41200517233
73,-42496.82665189511,7957.012340194735,-42496.826651894844,7957.012340194686,-42496.82665189498,7957.012340194709,-43.987798053099155,0.0,-43.987798053099155,0.0,-43.987798053099155,0.0,23871.037020584132,127622.44334984425
74,-42480.63665459416,7957.613537373676,-42480.6366545939,7957.613537373627,-42480.63665459403,7957.613537373652,-43.850466569430566,0.0,-43.850466569430566,0.0,-43.850466569430566,0.0,23872.840612120955,127573.46136349038
75,-42499.553199988506,7958.743245166754,-42499.55319998824,7958.743245166705,-42499.55319998838,7958.743245166732,-44.00613432855751,0.0,-44.00613432855751,0.0,-44.00613432855751,0.0,23876.22973550019,127630.6780029508
76,-42488.62406616188,7958.699252119032,-42488.62406616161,7958.699252118982,-42488.62406616176,7958.699252119011,-43.96798269539684,0.0,-43.96798269539683,0.0,-43.96798269539684,0.0,23876.097756357027,127597.77614657144
77,-42486.40086341596,7959.169078412122,-42486.40086341568,7959.169078412071,-42486.400863415845,7959.169078412101,-43.900213352907116,0.0,-43.900213352907116,0.0,-43.900213352907116,0.0,23877.507235236295,127590.9032303062
78,-42503.44587976466,7959.063756805767,-42503.44587976437,7959.0637568057155,-42503.44587976454,7959.0637568057455,-44.13491657386358,0.0,-44.13491657386356,0.0,-44.13491657386358,0.0,23877.19127041723,127642.74238901513
79,-42479.35597680386,7958.444758749156,-42479.355976803556,7958.444758749102,-42479.35597680374,7958.444758749134,-43.974289378306935,0.0,-43.974289378306935,0.0,-43.97428937830692,0.0,23875.33427624739,127569.99079854607
80,-42499.71129678069,7958.8800318264275,-42499.71129678038,7958.88003182637,-42499.71129678057,7958.880031826406,-44.16710241900951,0.0,-44.16710241900954,0.0,-44.16710241900954,0.0,23876.640095479204,127631.63519759866
81,-42486.41612019568,7958.215433485707,-42486.41612019536,7958.215433485647,-42486.41612019557,7958.215433485684,-44.14405746092167,0.0,-44.1440574609217,0.0,-44.1440574609217,0.0,23874.64630045704,127591.68053296937
82,-42496.00431619397,7958.445149312776,-42496.00431619365,7958.445149312716,-42496.00431619387,7958.445149312754,-44.28071087003774,0.0,-44.28071087003775,0.0,-44.28071087003775,0.0,23875.335447938247,127620.85508119162
83,-42489.66677115534,7958.288274264769,-42489.66677115501,7958.288274264709,-42489.666771155236,7958.288274264749,-44.304353034011484,0.0,-44.3043530340115,0.0,-44.304353034011484,0.0,23874.864822794225,127601.91337256761
84,-42498.8206101422,7958.585997490777,-42498.82061014187,7958.585997490718,-42498.82061014211,7958.585997490759,-44.4699827371559,0.0,-44.46998273715592,0.0,-44.4699827371559,0.0,23875.757992472256,127629.87177863764
85,-42485.51567620796,7958.649407855878,-42485.51567620764,7958.649407855817,-42485.51567620788,7958.649407855861,-44.399949849155405,0.0,-44.39994984915539,0.0,-44.39994984915539,0.0,23875.948223567553,127589.74687817093
86,-42473.1090727085,7959.161338615072,-42473.109072708176,7959.161338615009,-42473.10907270843,7959.161338615055,-44.15099574285482,0.0,-44.15099574285482,0.0,-44.15099574285482,0.0,23877.484015845137,127551.78020535369
87,-42478.37928843562,7958.872647704829,-42478.37928843529,7958.872647704766,-42478.37928843555,7958.872647704812,-44.0725164728148,0.0,-44.07251647281478,0.0,-44.0725164728148,0.0,23876.61794311441,127567.3554147249
88,-42482.95324442438,7957.2761639919445,-42482.953244424054,7957.276163991882,-42482.953244424294,7957.276163991927,-44.15693885333546,0.0,-44.15693885333545,0.0,-44.15693885333546,0.0,23871.828491975753,127581.33054983272
89,-42462.376552344635,7955.729304790484,-42462.3765523443,7955.729304790422,-42462.37655234455,7955.729304790468,-43.960455022927945,0.0,-43.960455022927945,0.0,-43.960455022927945,0.0,23867.187914371374,127519.01102210226
90,-42490.79573542496,7955.106148430003,-42490.79573542463,7955.106148429942,-42490.79573542488,7955.106148429988,-44.27504285437006,0.0,-44.27504285437006,0.0,-44.27504285437006,0.0,23865.318445289933,127605.21233483756
91,-42465.71924565577,7953.9277212305715,-42465.71924565544,7953.9277212305105,-42465.71924565571,7953.927721230559,-44.15475041909441,0.0,-44.15475041909444,0.0,-44.15475041909444,0.0,23861.78316369164,127529.6219882242
92,-42476.95061995246,7954.769958791003,-42476.95061995213,7954.769958790941,-42476.95061995242,7954.769958790994,-44.1945822168386,0.0,-44.194582216838626,0.0,-44.194582216838626,0.0,23864.30987637294,127563.43560650751
93,-42454.709848304745,7954.963088391655,-42454.7098483044,7954.9630883915925,-42454.7098483047,7954.963088391647,-43.862314353876656,0.0,-43.862314353876656,0.0,-43.86231435387667,0.0,23864.889265174894,127495.71648797549
94,-42476.13453119809,7955.413262462699,-42476.13453119775,7955.413262462636,-42476.134531198055,7955.413262462694,-43.916588945734304,0.0,-43.91658894573432,0.0,-43.916588945734276,0.0,23866.239787388025,127560.15336043111
95,-42467.08888192414,7954.333718470253,-42467.0888819238,7954.3337184701895,-42467.088881924115,7954.333718470248,-43.847213698131284,0.0,-43.8472136981313,0.0,-43.847213698131284,0.0,23863.001155410693,127532.80828686644
96,-42473.774219851155,7954.078241661523,-42473.77421985081,7954.078241661459,-42473.77421985113,7954.0782416615175,-43.89263877697728,0.0,-43.89263877697729,0.0,-43.89263877697729,0.0,23862.234724984497,127553.00057588403
97,-42494.23695703336,7953.861506335651,-42494.23695703303,7953.861506335588,-42494.23695703334,7953.8615063356465,-44.24123107331479,0.0,-44.24123107331479,0.0,-44.24123107331479,0.0,23861.584519006887,127615.43456431969
98,-42487.515177779926,7954.2151048463165,-42487.51517777959,7954.215104846254,-42487.51517777989,7954.215104846312,-44.37241962084859,0.0,-44.37241962084859,0.0,-44.37241962084859,0.0,23862.64531453888,127595.66279220194
99,-42471.591771483116,7956.251180943482,-42471.591771482774,7956.251180943419,-42471.59177148307,7956.251180943477,-44.13750851422438,0.0,-44.13750851422438,0.0,-44.13750851422441,0.0,23868.753542830378,127547.18783999163
100,-42483.13655491757,7958.234046549878,-42483.13655491722,7958.234046549815,-42483.13655491751,7958.23404654987,-44.068293516879265,0.0,-44.068293516879265,0.0,-44.068293516879265,0.0,23874.702139649566,127581.61454530293
101,-42492.69762086248,7958.342884955435,-42492.69762086215,7958.342884955372,-42492.69762086243,7958.342884955426,-44.17270714830062,0.0,-44.17270714830062,0.0,-44.17270714830062,0.0,23875.02865486623,127610.61098403194
102,-42482.55889360784,7957.912805792761,-42482.558893607515,7957.912805792699,-42482.5588936078,7957.912805792753,-44.120657417702134,0.0,-44.12065741770215,0.0,-44.120657417702134,0.0,23873.738417378212,127580.03865307626
103,-42498.51146693797,7957.930967915477,-42498.51146693766,7957.930967915417,-42498.51146693793,7957.9309679154685,-44.34146040443842,0.0,-44.34146040443842,0.0,-44.34146040443842,0.0,23873.792903746365,127628.55878202687
104,-42468.235574335326,7957.550427464814,-42468.23557433501,7957.550427464756,-42468.235574335304,7957.550427464808,-44.05917079481239,0.0,-44.05917079481239,0.0,-44.059170794812374,0.0,23872.651282394378,127536.88423539008
105,-42472.43673906351,7958.139899429325,-42472.436739063174,7958.139899429266,-42472.43673906349,7958.13989942932,-43.896640828027245,0.0,-43.896640828027245,0.0,-43.89664082802723,0.0,23874.41969828791,127549.00013967424
106,-42496.2741741342,7957.085366013318,-42496.27417413388,7957.08536601326,-42496.274174134196,7957.085366013315,-44.19404637880859,0.0,-44.19404637880861,0.0,-44.19404637880861,0.0,23871.256098039892,127621.40466153869
107,-42468.67316197047,7955.572854948199,-42468.67316197014,7955.572854948139,-42468.67316197046,7955.572854948196,-44.04552341777189,0.0,-44.045523417771875,0.0,-44.045523417771875,0.0,23866.718564844534,127538.15605616439
108,-42481.685320290126,7955.954528716738,-42481.68532028978,7955.954528716676,-42481.68532029011,7955.954528716737,-44.117151263897384,0.0,-44.11715126389737,0.0,-44.11715126389737,0.0,23867.863586150153,127577.40741466169
109,-42496.949832396785,7955.594903137697,-42496.949832396436,7955.594903137633,-42496.94983239677,7955.594903137695,-44.42377331974879,0.0,-44.42377331974879,0.0,-44.423773319748776,0.0,23866.784709413027,127624.12081714925
110,-42470.00527200523,7955.7563611465785,-42470.00527200486,7955.756361146512,-42470.00527200521,7955.756361146576,-44.223524936451156,0.0,-44.223524936451184,0.0,-44.223524936451184,0.0,23867.269083439664,127542.68639082467
111,-42470.72355333407,7957.277021307598,-42470.723553333686,7957.277021307528,-42470.723553334035,7957.277021307592,-44.026158161420796,0.0,-44.02615816142081,0.0,-44.026158161420796,0.0,23871.83106392272,127544.24913448605
112,-42470.66632225479,7957.309706265336,-42470.666322254394,7957.309706265264,-42470.66632225476,7957.309706265329,-43.879361186214865,0.0,-43.879361186214894,0.0,-43.87936118621488,0.0,23871.92911879593,127543.63705032258
113,-42464.01764574146,7956.348907868924,-42464.01764574108,7956.348907868852,-42464.01764574144,7956.348907868918,-43.702781860326795,0.0,-43.70278186032682,0.0,-43.70278186032681,0.0,23869.046723606694,127523.16128280494
114,-42481.53301144566,7955.051154800965,-42481.53301144528,7955.051154800893,-42481.533011445645,7955.051154800962,-43.88365834659881,0.0,-43.883658346598835,0.0,-43.88365834659881,0.0,23865.15346440282,127576.25000937637
115,-42455.535437574246,7953.539307498396,-42455.53543757387,7953.539307498324,-42455.53543757423,7953.539307498393,-43.660043170956854,0.0,-43.66004317095688,0.0,-43.66004317095687,0.0,23860.617922495116,127497.58644223522
116,-42447.558928334925,7953.652291236493,-42447.55892833457,7953.652291236423,-42447.55892833491,7953.65229123649,-43.3436652962087,0.0,-43.3436652962087,0.0,-43.3436652962087,0.0,23860.956873709405,127472.70778089303
117,-42456.83765551804,7953.0478470333865,-42456.837655517695,7953.047847033318,-42456.83765551803,7953.047847033385,-43.24386591134751,0.0,-43.24386591134753,0.0,-43.24386591134751,0.0,23859.14354110009,127500.2445642878
118,-42454.7037176251,7951.617097531891,-42454.70371762477,7951.6170975318255,-42454.7037176251,7951.617097531889,-43.15736096274303,0.0,-43.15736096274301,0.0,-43.15736096274301,0.0,23854.851292595606,127493.5832357632
119,-42449.844275784424,7950.786111567954,-42449.844275784104,7950.786111567892,-42449.844275784424,7950.786111567953,-43.00908589955992,0.0,-43.009085899559935,0.0,-43.009085899559935,0.0,23852.3583347038,127478.56008505163
120,-42438.783495848,7950.530344646223,-42438.78349584766,7950.53034464616,-42438.783495848,7950.530344646223,-42.6953479243291,0.0,-42.695347924329084,0.0,-42.6953479243291,0.0,23851.591033938606,127444.43653131666
121,-42457.85598501967,7950.43107896222,-42457.855985019334,7950.43107896216,-42457.85598501967,7950.43107896222,-42.70137813677765,0.0,-42.70137813677765,0.0,-42.70137813677765,0.0,23851.293236886602,127501.67208946901
122,-42462.35635943191,7949.710484889452,-42462.35635943158,7949.7104848893905,-42462.35635943192,7949.710484889452,-42.7502346212075,0.0,-42.7502346212075,0.0,-42.75023462120748,0.0,23849.13145466829,127515.31978215904
123,-42487.93598529927,7950.1476535497895,-42487.93598529892,7950.147653549725,-42487.93598529928,7950.1476535497895,-43.111315303567125,0.0,-43.11131530356714,0.0,-43.11131530356714,0.0,23850.442960649307,127593.14190180817
124,-42484.88716468732,7951.537275326614,-42484.887164686945,7951.537275326546,-42484.88716468734,7951.537275326615,-43.24184776277859,0.0,-43.24184776277859,0.0,-43.241847762778605,0.0,23854.611825979773,127584.38703734992
125,-42495.25454198751,7954.845455128344,-42495.254541987124,7954.845455128275,-42495.25454198752,7954.845455128347,-43.34582295890807,0.0,-43.34582295890807,0.0,-43.34582295890807,0.0,23864.536365384967,127615.80109483891
126,-42490.2709248294,7958.047885846288,-42490.270924829005,7958.047885846216,-42490.270924829405,7958.047885846291,-43.21842494401268,0.0,-43.21842494401268,0.0,-43.21842494401268,0.0,23874.143657538796,127600.46804931984
127,-42515.01149460325,7960.710592330432,-42515.01149460283,7960.710592330356,-42515.01149460325,7960.710592330433,-43.41005338838117,0.0,-43.41005338838117,0.0,-43.41005338838117,0.0,23882.13177699122,127675.26464397447
128,-42495.7655202186,7961.6687038523605,-42495.76552021818,7961.668703852283,-42495.765520218585,7961.6687038523605,-43.244687110096606,0.0,-43.24468711009662,0.0,-43.24468711009662,0.0,23885.006111557006,127617.03062198564
129,-42481.576866305346,7962.805551287689,-42481.5768663049,7962.805551287609,-42481.57686630533,7962.805551287687,-42.888737187681315,0.0,-42.88873718768133,0.0,-42.88873718768133,0.0,23888.416653862987,127573.39681047863
130,-42470.961025543496,7962.311883135076,-42470.961025543045,7962.311883134993,-42470.961025543475,7962.311883135072,-42.5052795763049,0.0,-42.5052795763049,0.0,-42.5052795763049,0.0,23886.93564940514,127540.39891535894
131,-42485.34183370203,7959.887651180296,-42485.341833701576,7959.887651180214,-42485.341833702005,7959.887651180294,-42.53464348050299,0.0,-42.53464348050299,0.0,-42.53464348050299,0.0,23879.662953540803,127583.62943154709
132,-42455.43830986293,7956.2868265690895,-42455.43830986248,7956.286826569005,-42455.438309862904,7956.286826569086,-42.23853971600427,0.0,-42.23853971600427,0.0,-42.238539716004254,0.0,23868.860479707182,127493.03054873632
133,-42470.479450171115,7954.19951835851,-42470.47945017066,7954.199518358426,-42470.47945017108,7954.199518358506,-42.29285054277119,0.0,-42.292850542771205,0.0,-42.292850542771205,0.0,23862.59855507544,127538.31690214119
134,-42478.59234294434,7951.861066849432,-42478.592342943884,7951.861066849347,-42478.5923429443,7951.861066849426,-42.50745416729727,0.0,-42.50745416729727,0.0,-42.5074541672973,0.0,23855.583200548204,127563.29939133443
135,-42471.187204022324,7951.256151116208,-42471.18720402186,7951.256151116122,-42471.18720402227,7951.256151116202,-42.53672255069539,0.0,-42.53672255069539,0.0,-42.536722550695416,0.0,23853.768453348534,127541.17177971854
136,-42484.47290686685,7952.63861796613,-42484.47290686639,7952.638617966044,-42484.47290686679,7952.638617966121,-42.666558585155116,0.0,-42.666558585155116,0.0,-42.66655858515513,0.0,23857.915853898296,127581.4183963555
137,-42462.39048182698,7954.373652084406,-42462.390481826485,7954.373652084319,-42462.3904818269,7954.373652084395,-42.337361413321375,0.0,-42.337361413321375,0.0,-42.33736141332136,0.0,23863.120956253122,127514.18352972032
138,-42503.815505071165,7956.631751903014,-42503.815505070685,7956.631751902925,-42503.81550507108,7956.631751903001,-42.60545724316755,0.0,-42.605457243167535,0.0,-42.605457243167564,0.0,23869.89525570894,127639.26288694242
139,-42485.73361072612,7956.886527263804,-42485.733610725634,7956.886527263713,-42485.733610726034,7956.886527263789,-42.51318170840615,0.0,-42.51318170840615,0.0,-42.51318170840612,0.0,23870.659581791308,127584.74037730301
140,-42504.789786055175,7958.529486002654,-42504.78978605467,7958.529486002563,-42504.78978605507,7958.529486002639,-42.66218708322522,0.0,-42.66218708322522,0.0,-42.662187083225234,0.0,23875.588458007856,127642.35591941458
141,-42494.41369615939,7959.273485811017,-42494.4136961589,7959.273485810925,-42494.41369615929,7959.273485811,-42.59100226976581,0.0,-42.59100226976581,0.0,-42.591002269765795,0.0,23877.820457432943,127611.01409528688
142,-42501.160741153595,7960.43982010176,-42501.1607411531,7960.439820101666,-42501.16074115348,7960.439820101739,-42.601152187873396,0.0,-42.60115218787338,0.0,-42.601152187873396,0.0,23881.319460305163,127631.28568002378
143,-42495.286135852264,7960.74822547144,-42495.28613585177,7960.748225471345,-42495.28613585213,7960.748225471418,-42.51915552545299,0.0,-42.519155525453,0.0,-42.51915552545299,0.0,23882.2446764142,127613.41587413252
144,-42498.31759038432,7960.815546330139,-42498.31759038383,7960.815546330045,-42498.3175903842,7960.815546330117,-42.51102798435821,0.0,-42.51102798435821,0.0,-42.51102798435821,0.0,23882.4466389903,127622.48585510542
145,-42476.06233170168,7960.283776757629,-42476.06233170118,7960.283776757535,-42476.062331701534,7960.283776757605,-42.201613190694786,0.0,-42.201613190694786,0.0,-42.201613190694786,0.0,23880.851330272773,127554.7918346765
146,-42479.17901951037,7959.743672057191,-42479.17901950987,7959.743672057097,-42479.17901951022,7959.743672057164,-42.03774243813665,0.0,-42.03774243813663,0.0,-42.03774243813665,0.0,23879.23101617145,127563.65028584487
147,-42499.188693406715,7957.855340425553,-42499.18869340621,7957.855340425458,-42499.18869340657,7957.855340425525,-42.278338433752864,0.0,-42.278338433752864,0.0,-42.278338433752864,0.0,23873.566021276536,127624.40109552078
148,-42481.100848609385,7955.947356699442,-42481.10084860887,7955.947356699347,-42481.100848609225,7955.947356699413,-42.245792602339165,0.0,-42.245792602339165,0.0,-42.245792602339165,0.0,23867.842070098202,127570.0399236345
149,-42506.56324331943,7956.11837845154,-42506.5632433189,7956.118378451443,-42506.56324331926,7956.118378451509,-42.57999035968541,0.0,-42.5799903596854,0.0,-42.5799903596854,0.0,23868.35513535449,127647.42970103664
150,-42492.928847157484,7956.413385307304,-42492.92884715696,7956.413385307206,-42492.92884715732,7956.413385307273,-42.59998646352237,0.0,-42.59998646352237,0.0,-42.599986463522356,0.0,23869.240155921783,127606.58650086231
151,-42512.94382411482,7958.449705256684,-42512.94382411429,7958.449705256585,-42512.94382411464,7958.449705256651,-42.83436486868432,0.0,-42.834364868684304,0.0,-42.834364868684304,0.0,23875.349115769917,127667.33456694981
152,-42511.664412365346,7959.994453144644,-42511.66441236481,7959.994453144544,-42511.66441236518,7959.994453144611,-42.93860307129859,0.0,-42.93860307129859,0.0,-42.93860307129859,0.0,23879.983359433798,127663.80904630924
153,-42530.2231405557,7962.014022778638,-42530.22314055517,7962.014022778539,-42530.223140555536,7962.014022778605,-43.24269909894626,0.0,-43.24269909894626,0.0,-43.24269909894626,0.0,23886.04206833578,127720.39751896323
154,-42531.79458546567,7963.526739883818,-42531.79458546515,7963.526739883718,-42531.79458546552,7963.526739883787,-43.47047693975993,0.0,-43.47047693975993,0.0,-43.47047693975993,0.0,23890.58021965132,127725.79518721563
155,-42534.70452142347,7965.414622721205,-42534.704521422944,7965.414622721106,-42534.704521423315,7965.414622721175,-43.658909967695294,0.0,-43.658909967695294,0.0,-43.65890996769531,0.0,23896.24386816349,127735.0902941728
156,-42511.456849939874,7966.972879893438,-42511.45684993938,7966.972879893342,-42511.45684993974,7966.97287989341,-43.43784322909228,0.0,-43.43784322909228,0.0,-43.437843229092266,0.0,23900.918639680192,127664.68407950627
157,-42541.382496366095,7967.92780988787,-42541.38249636559,7967.927809887775,-42541.382496365964,7967.927809887843,-43.75816646052117,0.0,-43.75816646052117,0.0,-43.75816646052118,0.0,23903.78342966349,127755.42198847921
158,-42522.61976880631,7966.500246416332,-42522.619768805824,7966.500246416239,-42522.619768806195,7966.500246416307,-43.82681422797805,0.0,-43.82681422797805,0.0,-43.82681422797805,0.0,23899.500739248877,127699.33974910228
159,-42517.03703314465,7966.023660754683,-42517.037033144166,7966.023660754591,-42517.037033144545,7966.023660754662,-43.86787842877237,0.0,-43.867878428772386,0.0,-43.867878428772386,0.0,23898.070982263936,127682.71473471966
160,-42519.15787538504,7965.082182390206,-42519.15787538457,7965.082182390116,-42519.15787538494,7965.082182390186,-44.022814193340665,0.0,-44.022814193340636,0.0,-44.022814193340665,0.0,23895.246547170507,127689.54206873458
161,-42485.52951033492,7963.779996796171,-42485.529510334454,7963.779996796083,-42485.529510334825,7963.779996796152,-43.71619298282381,0.0,-43.71619298282383,0.0,-43.71619298282381,0.0,23891.339990388406,127587.73710995266
162,-42477.88161248414,7962.856624129105,-42477.881612483674,7962.856624129016,-42477.88161248404,7962.856624129086,-43.44081466331508,0.0,-43.44081466331508,0.0,-43.440814663315095,0.0,23888.56987238721,127563.9672814418
163,-42498.22393321827,7960.206971009269,-42498.223933217814,7960.20697100918,-42498.22393321817,7960.206971009249,-43.673553417304035,0.0,-43.673553417304035,0.0,-43.673553417304035,0.0,23880.620913027702,127625.69245990616
164,-42488.29479216743,7956.811377868945,-42488.29479216697,7956.811377868857,-42488.29479216731,7956.811377868924,-43.83609591679695,0.0,-43.83609591679695,0.0,-43.836095916796964,0.0,23870.434133606723,127596.39266425213
165,-42491.13963451261,7955.564940583216,-42491.13963451215,7955.564940583128,-42491.139634512496,7955.564940583195,-44.049101017442595,0.0,-44.049101017442595,0.0,-44.049101017442595,0.0,23866.694821749537,127605.56620658956
166,-42504.14038468065,7955.58096062562,-42504.14038468019,7955.580960625532,-42504.14038468053,7955.580960625597,-44.411384651511,0.0,-44.411384651511,0.0,-44.411384651510986,0.0,23866.742881876744,127645.6553079959
167,-42497.57871405942,7956.663083755249,-42497.578714058945,7956.663083755162,-42497.578714059295,7956.6630837552275,-44.540930734512685,0.0,-44.540930734512685,0.0,-44.540930734512685,0.0,23869.989251265637,127626.35893438118
168,-42506.4187668378,7958.984582753011,-42506.41876683733,7958.984582752923,-42506.41876683767,7958.984582752987,-44.70131699979639,0.0,-44.701316999796376,0.0,-44.70131699979639,0.0,23876.95374825892,127653.36025151219
169,-42490.82505112882,7960.851290824163,-42490.82505112835,7960.851290824075,-42490.82505112868,7960.851290824137,-44.529755958626495,0.0,-44.529755958626524,0.0,-44.529755958626524,0.0,23882.553872472374,127606.06442126175
170,-42475.80293284274,7962.32476245439,-42475.80293284227,7962.324762454301,-42475.802932842606,7962.324762454364,-44.14442682050695,0.0,-44.14442682050698,0.0,-44.14442682050698,0.0,23886.974287363057,127559.84207898914
171,-42480.83445407926,7961.89989222924,-42480.83445407879,7961.89989222915,-42480.834454079115,7961.899892229213,-43.98326111422135,0.0,-43.98326111422132,0.0,-43.98326111422135,0.0,23885.699676687604,127574.45314557983
172,-42489.71880876099,7959.275640284395,-42489.71880876052,7959.275640284305,-42489.718808760845,7959.275640284368,-44.12693246916568,0.0,-44.126932469165666,0.0,-44.126932469165666,0.0,23877.82692085307,127601.53722368987
173,-42486.3118619149,7956.446874449083,-42486.31186191442,7956.446874448994,-42486.31186191476,7956.446874449057,-44.302784404934684,0.0,-44.302784404934684,0.0,-44.302784404934684,0.0,23869.340623347132,127591.84393895887
174,-42454.924654340524,7955.138709626189,-42454.92465434004,7955.1387096261,-42454.92465434039,7955.138709626162,-43.99370619913516,0.0,-43.99370619913516,0.0,-43.993706199135175,0.0,23865.416128878453,127496.75508161835
175,-42450.49245012071,7955.132240872936,-42450.492450120226,7955.132240872846,-42450.49245012057,7955.132240872908,-43.68374995644125,0.0,-43.68374995644126,0.0,-43.683749956441275,0.0,23865.39672261869,127482.52860023083
176,-42479.42764139174,7953.855107449744,-42479.42764139126,7953.855107449653,-42479.4276413916,7953.855107449715,-43.93300062824474,0.0,-43.93300062824474,0.0,-43.93300062824474,0.0,23861.56532234911,127570.08192605933
177,-42463.68975476479,7951.862791024431,-42463.68975476432,7951.86279102434,-42463.68975476466,7951.862791024404,-43.92969467286345,0.0,-43.929694672863434,0.0,-43.929694672863434,0.0,23855.588373073173,127522.85834831235
178,-42478.785398249995,7952.117218611097,-42478.78539824953,7952.117218611007,-42478.785398249864,7952.117218611071,-44.12524690063559,0.0,-44.1252469006356,0.0,-44.1252469006356,0.0,23856.351655833176,127568.73193545129
179,-42451.96481668347,7952.743866047749,-42451.964816683016,7952.743866047662,-42451.96481668336,7952.743866047726,-43.80665696102999,0.0,-43.80665696102999,0.0,-43.80665696102999,0.0,23858.23159814314,127487.31442093293
180,-42485.68389254334,7954.442730382407,-42485.6838925429,7954.442730382323,-42485.68389254323,7954.442730382385,-44.004773240596734,0.0,-44.00477324059675,0.0,-44.004773240596734,0.0,23863.328191147113,127589.06599735127
181,-42473.568094891976,7954.397394920998,-42473.56809489153,7954.397394920915,-42473.568094891874,7954.397394920978,-43.953741655746555,0.0,-43.95374165574657,0.0,-43.953741655746555,0.0,23863.19218476289,127552.56550964262
182,-42493.10735826838,7955.496835078726,-42493.10735826793,7955.496835078643,-42493.107358268266,7955.496835078706,-44.168331734139585,0.0,-44.16833173413961,0.0,-44.1683317341396,0.0,23866.490505236074,127611.82707000698
183,-42493.60101883848,7956.143187104917,-42493.60101883804,7956.143187104834,-42493.601018838366,7956.143187104897,-44.31074300159031,0.0,-44.310743001590296,0.0,-44.31074300159031,0.0,23868.429561314646,127613.73528551968
184,-42489.05595878455,7957.590469758247,-42489.055958784105,7957.5904697581645,-42489.05595878443,7957.5904697582255,-44.29501045530384,0.0,-44.295010455303824,0.0,-44.29501045530385,0.0,23872.771409274636,127600.052907719
185,-42506.702362820535,7959.09151343196,-42506.70236282009,7959.091513431877,-42506.70236282041,7959.091513431937,-44.51725334451854,0.0,-44.51725334451852,0.0,-44.51725334451855,0.0,23877.274540295773,127653.6588484946
186,-42507.46444248118,7959.7594546717855,-42507.464442480734,7959.759454671703,-42507.46444248105,7959.759454671763,-44.6949627234016,0.0,-44.69496272340159,0.0,-44.694962723401616,0.0,23879.278364015252,127656.47821561317
187,-42501.305259181274,7960.825813465886,-42501.30525918084,7960.8258134658045,-42501.30525918115,7960.825813465864,-44.71955274846492,0.0,-44.71955274846489,0.0,-44.71955274846492,0.0,23882.477440397553,127638.07443578866
188,-42518.64849848569,7961.826534991767,-42518.64849848523,7961.826534991684,-42518.64849848555,7961.826534991744,-45.01362661505958,0.0,-45.01362661505958,0.0,-45.01362661505958,0.0,23885.479604975193,127690.98637530164
189,-42521.25386121615,7961.984671523513,-42521.25386121567,7961.984671523425,-42521.25386121601,7961.984671523487,-45.318037540596634,0.0,-45.318037540596634,0.0,-45.318037540596634,0.0,23885.954014570423,127699.71569626965
190,-42499.9238462354,7962.702272621369,-42499.92384623492,7962.702272621281,-42499.92384623526,7962.7022726213445,-45.22591457495146,0.0,-45.22591457495143,0.0,-45.22591457495146,0.0,23888.106817863994,127635.44928243043
191,-42481.39041567533,7963.722621894557,-42481.390415674854,7963.722621894468,-42481.390415675196,7963.722621894531,-44.87477083555636,0.0,-44.874770835556376,0.0,-44.87477083555636,0.0,23891.167865683557,127578.79555953205
192,-42503.136127801685,7963.097076384003,-42503.1361278012,7963.097076383914,-42503.13612780154,7963.097076383976,-45.03189215975887,0.0,-45.0318921597589,0.0,-45.0318921597589,0.0,23889.29122915189,127644.50405988368
193,-42484.22230694683,7960.278010889409,-42484.22230694635,7960.278010889319,-42484.22230694667,7960.278010889382,-45.00284595717251,0.0,-45.00284595717251,0.0,-45.00284595717254,0.0,23880.834032668114,127587.67545871137
194,-42477.753916399706,7958.4888681292305,-42477.753916399226,7958.488868129141,-42477.75391639957,7958.488868129203,-44.97616334791937,0.0,-44.97616334791937,0.0,-44.97616334791938,0.0,23875.466604387573,127568.19023924226
195,-42475.510190655536,7956.764716860026,-42475.51019065507,7956.764716859938,-42475.510190655405,7956.764716859998,-45.005001510021444,0.0,-45.005001510021444,0.0,-45.00500151002146,0.0,23870.294150579964,127561.5455764961
196,-42472.71015521445,7955.2752811987575,-42472.71015521397,7955.27528119867,-42472.71015521431,7955.275281198729,-45.04793947072308,0.0,-45.04793947072308,0.0,-45.047939470723065,0.0,23865.825843596158,127553.2742840549
197,-42445.68012981866,7954.344104454387,-42445.68012981817,7954.344104454299,-42445.68012981851,7954.34410445436,-44.68739968450723,0.0,-44.68739968450723,0.0,-44.68739968450723,0.0,23863.032313363045,127471.10258850886
198,-42468.89084625331,7953.950294078777,-42468.890846252805,7953.950294078686,-42468.890846253154,7953.95029407875,-44.78986076755196,0.0,-44.78986076755197,0.0,-44.78986076755197,0.0,23861.850882236213,127541.04212106194
199,-42476.56104357201,7952.201407675764,-42476.561043571506,7952.201407675671,-42476.56104357185,7952.201407675737,-45.04702429524029,0.0,-45.047024295240305,0.0,-45.047024295240305,0.0,23856.60422302717,127564.82420360108
200,-42454.09482189242,7951.769044203797,-42454.094821891915,7951.769044203703,-42454.09482189227,7951.769044203769,-44.881076206150325,0.0,-44.88107620615031,0.0,-44.881076206150325,0.0,23855.30713261127,127496.92769429505
201,-42474.71519607499,7952.94055028186,-42474.71519607449,7952.940550281764,-42474.71519607484,7952.94055028183,-45.02061962925349,0.0,-45.020619629253474,0.0,-45.02061962925349,0.0,23858.821650845453,127559.2074471121
202,-42454.30796277532,7953.233171546813,-42454.30796277482,7953.233171546718,-42454.307962775165,7953.233171546783,-44.777597397540475,0.0,-44.777597397540475,0.0,-44.77759739754049,0.0,23859.699514640313,127497.25668051792
203,-42454.461143269946,7954.237447699101,-42454.461143269444,7954.237447699007,-42454.461143269786,7954.237447699072,-44.54700914390709,0.0,-44.547009143907104,0.0,-44.547009143907104,0.0,23862.71234309718,127497.0244572409
204,-42486.00886425559,7953.949097244299,-42486.00886425509,7953.9490972442045,-42486.00886425543,7953.949097244271,-44.87630687647318,0.0,-44.87630687647318,0.0,-44.87630687647318,0.0,23861.847291732774,127592.65551339553
205,-42478.41769713348,7952.882261627338,-42478.41769713298,7952.882261627245,-42478.41769713332,7952.882261627309,-45.03634397722209,0.0,-45.03634397722209,0.0,-45.03634397722209,0.0,23858.646784881894,127570.36212333146
206,-42491.9795816385,7953.856922035583,-42491.97958163799,7953.856922035488,-42491.97958163832,7953.856922035551,-45.32870256795317,0.0,-45.32870256795317,0.0,-45.32870256795317,0.0,23861.570766106623,127611.92485261866
207,-42491.82405880502,7955.359646956681,-42491.824058804516,7955.359646956586,-42491.824058804836,7955.359646956647,-45.48884032157906,0.0,-45.48884032157906,0.0,-45.48884032157906,0.0,23866.078940869913,127611.93869737911
208,-42504.089629133436,7957.612150960577,-42504.08962913292,7957.612150960482,-42504.08962913324,7957.612150960542,-45.73420559094622,0.0,-45.73420559094623,0.0,-45.73420559094623,0.0,23872.836452881602,127649.47150417243
209,-42482.581117775335,7959.540047655051,-42482.58111777484,7959.540047654957,-42482.581117775146,7959.540047655015,-45.52350008605147,0.0,-45.52350008605147,0.0,-45.52350008605147,0.0,23878.62014296502,127584.31385358347
210,-42494.96203147388,7961.3796737308985,-42494.96203147338,7961.379673730806,-42494.96203147369,7961.379673730864,-45.52982520455966,0.0,-45.529825204559685,0.0,-45.52982520455966,0.0,23884.139021192568,127621.47557003461
211,-42492.97112462987,7960.986926782858,-42492.971124629374,7960.986926782767,-42492.971124629694,7960.986926782825,-45.562979309859045,0.0,-45.562979309859045,0.0,-45.562979309859045,0.0,23882.96078034845,127615.60231181851
212,-42472.87319103353,7960.05045901935,-42472.873191033024,7960.050459019259,-42472.87319103334,7960.050459019316,-45.3422637117429,0.0,-45.3422637117429,0.0,-45.3422637117429,0.0,23880.151377057926,127554.64636423512
213,-42453.387183200946,7958.945715958929,-42453.387183200444,7958.945715958836,-42453.38718320075,7958.945715958893,-44.94112094500959,0.0,-44.94112094500959,0.0,-44.94112094500959,0.0,23876.837147876657,127494.98491243715
214,-42476.48433988068,7956.7403262518765,-42476.48433988017,7956.740326251783,-42476.48433988048,7956.74032625184,-45.11139382390901,0.0,-45.11139382390901,0.0,-45.11139382390901,0.0,23870.220978755497,127564.78720111304
215,-42462.63211114012,7953.237802267521,-42462.63211113961,7953.237802267426,-42462.632111139916,7953.237802267484,-45.15916880143156,0.0,-45.15916880143156,0.0,-45.15916880143156,0.0,23859.71340680243,127523.37383982392
216,-42454.98646955239,7951.732931061111,-42454.986469551855,7951.732931061014,-42454.98646955217,7951.732931061073,-45.11846990126948,0.0,-45.11846990126948,0.0,-45.11846990126948,0.0,23855.1987931832,127500.31481836022
217,-42440.92791183617,7951.209276124468,-42440.92791183564,7951.209276124369,-42440.92791183596,7951.209276124429,-44.8634969039385,0.0,-44.8634969039385,0.0,-44.8634969039385,0.0,23853.627828373264,127457.37422621957
218,-42467.86592470637,7951.0295134273,-42467.86592470584,7951.029513427203,-42467.865924706166,7951.029513427262,-45.082852869186,0.0,-45.082852869186,0.0,-45.082852869186,0.0,23853.088540281766,127538.84633272594
219,-42476.119584052976,7950.180322200309,-42476.11958405245,7950.180322200211,-42476.119584052765,7950.180322200271,-45.39137799386732,0.0,-45.39137799386732,0.0,-45.39137799386732,0.0,23850.54096660079,127564.53288613979
220,-42483.231109489076,7951.048222048041,-42483.23110948854,7951.0482220479425,-42483.23110948887,7951.048222048003,-45.68365152484775,0.0,-45.68365152484775,0.0,-45.68365152484775,0.0,23853.144666143988,127586.74428304103
221,-42470.230671873665,7953.356921659616,-42470.23067187311,7953.356921659516,-42470.23067187345,7953.356921659577,-45.58935920231305,0.0,-45.58935920231305,0.0,-45.58935920231302,0.0,23860.070764978707,127547.46009322717
222,-42496.55719865446,7956.302705363973,-42496.557198653914,7956.302705363871,-42496.55719865425,7956.302705363933,-45.83266432022283,0.0,-45.83266432022283,0.0,-45.832664320222804,0.0,23868.908116091774,127627.1695889233
223,-42472.182269812154,7957.699118047266,-42472.18226981159,7957.699118047162,-42472.18226981192,7957.699118047225,-45.585633751828894,0.0,-45.585633751828894,0.0,-45.585633751828865,0.0,23873.097354141653,127553.30371069115
224,-42503.21485392896,7959.329572226054,-42503.2148539284,7959.32957222595,-42503.21485392874,7959.329572226014,-45.86624324215278,0.0,-45.86624324215278,0.0,-45.86624324215275,0.0,23877.988716678017,127647.24329151257
225,-42509.1903460702,7958.829766546296,-42509.19034606964,7958.829766546191,-42509.19034606998,7958.829766546254,-46.23584437042135,0.0,-46.23584437042135,0.0,-46.23584437042135,0.0,23876.489299638743,127666.2785713211
226,-42516.889081956186,7959.18917696537,-42516.88908195563,7959.189176965267,-42516.88908195597,7959.189176965329,-46.6721168882038,0.0,-46.6721168882038,0.0,-46.6721168882038,0.0,23877.56753089597,127690.68359653238
227,-42478.89446933768,7960.425143891269,-42478.89446933713,7960.425143891163,-42478.894469337465,7960.425143891226,-46.37102289728415,0.0,-46.37102289728415,0.0,-46.371022897284135,0.0,23881.275431673657,127575.79647670414
228,-42485.033975357204,7962.34477911071,-42485.03397535666,7962.344779110605,-42485.03397535697,7962.344779110666,-46.22065139793757,0.0,-46.22065139793757,0.0,-46.22065139793756,0.0,23887.034337331985,127593.76388026464
229,-42488.38533216148,7961.394904771922,-42488.385332160935,7961.394904771818,-42488.385332161255,7961.394904771878,-46.25752402639749,0.0,-46.257524026397476,0.0,-46.25752402639746,0.0,23884.184714315616,127603.92856856289
230,-42474.355395250954,7959.233381581785,-42474.355395250415,7959.233381581682,-42474.355395250735,7959.233381581742,-46.19048690504377,0.0,-46.19048690504377,0.0,-46.19048690504377,0.0,23877.700144745206,127561.63764646724
231,-42489.08310636566,7957.26419834455,-42489.08310636514,7957.26419834445,-42489.08310636545,7957.264198344508,-46.49871831655031,0.0,-46.49871831655031,0.0,-46.49871831655031,0.0,23871.79259503351,127606.74547404588
232,-42476.22761006494,7955.184629864552,-42476.227610064416,7955.184629864456,-42476.227610064736,7955.184629864512,-46.62919073165577,0.0,-46.62919073165577,0.0,-46.62919073165577,0.0,23865.55388959352,127568.57040238909
233,-42483.65964771141,7954.8186351291715,-42483.659647710905,7954.818635129075,-42483.6596477112,7954.8186351291315,-46.88581820070617,0.0,-46.88581820070617,0.0,-46.885818200706154,0.0,23864.455905387378,127591.63639773562
234,-42483.885966791255,7954.884679157259,-42483.885966790745,7954.884679157162,-42483.88596679106,7954.884679157221,-47.10165567823826,0.0,-47.10165567823826,0.0,-47.10165567823826,0.0,23864.654037471646,127592.96286740778
235,-42483.03655475239,7955.740729966938,-42483.03655475189,7955.740729966843,-42483.03655475219,7955.740729966902,-47.240118443562196,0.0,-47.240118443562196,0.0,-47.240118443562196,0.0,23867.222189900684,127590.83001958713
236,-42473.81800126795,7956.843200588911,-42473.81800126747,7956.843200588819,-42473.81800126778,7956.843200588878,-47.17596592708513,0.0,-47.17596592708516,0.0,-47.17596592708516,0.0,23870.529601766608,127562.98190158446
237,-42498.73237245533,7957.649661756383,-42498.73237245483,7957.64966175629,-42498.73237245514,7957.649661756349,-47.55451149386961,0.0,-47.554511493869626,0.0,-47.55451149386961,0.0,23872.948985269024,127638.8606518469
238,-42466.33235154693,7957.313751983447,-42466.33235154646,7957.313751983356,-42466.33235154676,7957.313751983413,-47.35088694225077,0.0,-47.35088694225075,0.0,-47.35088694225077,0.0,23871.941255950216,127541.04971546691
239,-42480.29419462027,7958.037031688082,-42480.2941946198,7958.037031687992,-42480.294194620066,7958.037031688045,-47.44426090109886,0.0,-47.444260901098886,0.0,-47.444260901098886,0.0,23874.111095064116,127583.21536656345
240,-42449.10765153304,7956.9813947610055,-42449.107651532584,7956.981394760916,-42449.107651532846,7956.981394760968,-47.07806557599203,0.0,-47.07806557599204,0.0,-47.078065575992056,0.0,23870.94418428289,127488.55715132646
241,-42438.43781113859,7956.051109996155,-42438.43781113812,7956.051109996066,-42438.437811138385,7956.051109996116,-46.69484603956175,0.0,-46.69484603956175,0.0,-46.69484603956175,0.0,23868.153329988338,127455.39797153378
242,-42433.71509666961,7953.390672206775,-42433.715096669155,7953.390672206688,-42433.715096669424,7953.390672206737,-46.45219818284875,0.0,-46.45219818284875,0.0,-46.45219818284875,0.0,23860.1720166202,127440.50188455672
243,-42457.09390291299,7949.776180414133,-42457.09390291252,7949.7761804140455,-42457.0939029128,7949.7761804140955,-46.800542598363265,0.0,-46.800542598363265,0.0,-46.80054259836328,0.0,23849.32854124227,127511.6833365334
244,-42443.79803758109,7946.510607047807,-42443.79803758062,7946.5106070477195,-42443.798037580906,7946.5106070477705,-46.95294470055212,0.0,-46.95294470055212,0.0,-46.95294470055214,0.0,23839.531821143297,127472.25294684427
245,-42437.83340635419,7946.315247569126,-42437.8334063537,7946.315247569036,-42437.833406353995,7946.31524756909,-46.94078100840899,0.0,-46.94078100840899,0.0,-46.94078100840899,0.0,23838.94574270725,127454.32256208711
246,-42460.00087511941,7947.398425854191,-42460.00087511892,7947.398425854102,-42460.000875119236,7947.398425854158,-47.22683183544646,0.0,-47.22683183544645,0.0,-47.22683183544645,0.0,23842.195277562452,127521.68312086392
247,-42435.40244837061,7948.553505900037,-42435.40244837011,7948.553505899946,-42435.40244837042,7948.553505900001,-46.95966556621829,0.0,-46.95966556621832,0.0,-46.95966556621832,0.0,23845.660517699987,127447.08634180977
248,-42453.16829379197,7950.867239834571,-42453.16829379145,7950.867239834477,-42453.16829379177,7950.867239834534,-46.943248151727886,0.0,-46.943248151727886,0.0,-46.943248151727886,0.0,23852.601719503582,127500.33462583038
249,-42461.34631218613,7951.423168384495,-42461.34631218561,7951.423168384398,-42461.346312185946,7951.423168384459,-47.039853531353,0.0,-47.03985353135302,0.0,-47.03985353135302,0.0,23854.269505153352,127525.15849715177
250,-42443.18652369683,7951.786417327112,-42443.186523696306,7951.786417327013,-42443.18652369664,7951.786417327076,-46.79398356714108,0.0,-46.793983567141126,0.0,-46.793983567141126,0.0,23855.3592519812,127469.9415217912
251,-42469.09365156859,7952.448473867812,-42469.09365156808,7952.448473867715,-42469.0936515684,7952.448473867778,-47.01309227106121,0.0,-47.01309227106121,0.0,-47.01309227106121,0.0,23857.345421603306,127548.32023151827
252,-42476.37936418654,7951.814169811618,-42476.37936418604,7951.81416981152,-42476.37936418635,7951.814169811583,-47.33324978050845,0.0,-47.33324978050845,0.0,-47.33324978050844,0.0,23855.44250943472,127571.13784190043
253,-42454.32644659555,7952.3115443240795,-42454.32644659504,7952.311544323982,-42454.32644659536,7952.311544324044,-47.18843234522711,0.0,-47.18843234522711,0.0,-47.18843234522711,0.0,23856.9346329721,127504.54463682164
254,-42481.59665404803,7953.914043399432,-42481.59665404755,7953.914043399338,-42481.59665404786,7953.914043399398,-47.48333686037137,0.0,-47.48333686037138,0.0,-47.48333686037138,0.0,23861.742130198167,127587.23997272458
255,-42467.73613944548,7954.161201949933,-42467.736139445005,7954.161201949842,-42467.73613944532,7954.1612019499,-47.481749529184626,0.0,-47.481749529184626,0.0,-47.481749529184626,0.0,23862.483605849673,127545.65366692336
256,-42475.91029546203,7955.2674862294825,-42475.91029546156,7955.267486229394,-42475.910295461865,7955.267486229452,-47.597211678924424,0.0,-47.597211678924424,0.0,-47.59721167892441,0.0,23865.802458688326,127570.52252142223
257,-42477.666504066765,7955.599285793874,-42477.6665040663,7955.599285793787,-42477.666504066605,7955.599285793844,-47.731790066808216,0.0,-47.731790066808216,0.0,-47.731790066808216,0.0,23866.797857381505,127576.19488240009
258,-42457.33002395244,7955.838070623782,-42457.33002395198,7955.838070623696,-42457.330023952294,7955.838070623753,-47.51267444199435,0.0,-47.51267444199435,0.0,-47.51267444199435,0.0,23867.514211871232,127514.5280951827
259,-42462.23366064761,7956.045751111937,-42462.23366064716,7956.04575111185,-42462.23366064748,7956.045751111909,-47.45332394693229,0.0,-47.45332394693229,0.0,-47.45332394693229,0.0,23868.137253335695,127529.06095378305
260,-42450.045492460806,7954.745716438716,-42450.04549246034,7954.745716438629,-42450.04549246066,7954.745716438689,-47.28599897262836,0.0,-47.28599897262836,0.0,-47.28599897262836,0.0,23864.23714931603,127491.99447429969
261,-42452.454220205596,7953.221670010729,-42452.45422020513,7953.221670010642,-42452.45422020545,7953.221670010702,-47.280825115822324,0.0,-47.28082511582231,0.0,-47.280825115822296,0.0,23859.665010032077,127499.20513596365
262,-42426.06255786969,7951.261640559697,-42426.06255786922,7951.26164055961,-42426.06255786956,7951.26164055967,-46.92323577108745,0.0,-46.92323577108746,0.0,-46.92323577108745,0.0,23853.784921678976,127418.95738092174
263,-42440.04158264138,7949.891610603294,-42440.04158264091,7949.891610603204,-42440.041582641235,7949.891610603265,-46.93326655558435,0.0,-46.93326655558435,0.0,-46.93326655558437,0.0,23849.67483180976,127460.92454759029
264,-42426.00258346063,7947.608419180657,-42426.00258346017,7947.608419180568,-42426.00258346052,7947.608419180631,-46.780751077354054,0.0,-46.78075107735404,0.0,-46.780751077354054,0.0,23842.825257541856,127418.35000361338
265,-42411.62697949532,7946.505934104973,-42411.62697949486,7946.5059341048855,-42411.62697949519,7946.505934104949,-46.440405649345394,0.0,-46.44040564934538,0.0,-46.440405649345394,0.0,23839.517802314807,127374.20215543342
266,-42404.053147684805,7945.656695362506,-42404.05314768436,7945.656695362421,-42404.053147684695,7945.656695362484,-46.05214353015877,0.0,-46.05214353015877,0.0,-46.05214353015879,0.0,23836.970086087415,127350.31587364434
267,-42421.87469074345,7944.300945308876,-42421.874690743,7944.300945308791,-42421.87469074334,7944.300945308854,-46.05104961582404,0.0,-46.051049615824056,0.0,-46.05104961582407,0.0,23832.90283592652,127403.77722107727
268,-42412.8626177926,7942.570943891982,-42412.86261779218,7942.5709438919,-42412.86261779249,7942.570943891962,-45.909707878931656,0.0,-45.909707878931684,0.0,-45.90970787893167,0.0,23827.712831675846,127376.31697701407
269,-42430.899843533625,7942.456719738562,-42430.89984353322,7942.456719738483,-42430.89984353353,7942.456719738544,-46.03177604446674,0.0,-46.03177604446674,0.0,-46.031776044466724,0.0,23827.37015921559,127430.79485873377
270,-42425.14689716454,7942.879955510001,-42425.14689716414,7942.879955509924,-42425.146897164435,7942.879955509983,-45.943897089374204,0.0,-45.943897089374204,0.0,-45.94389708937419,0.0,23828.63986652991,127413.27238276124
271,-42432.03410369307,7944.769033517788,-42432.034103692684,7944.769033517712,-42432.034103692975,7944.7690335177695,-45.850898732683845,0.0,-45.850898732683845,0.0,-45.850898732683845,0.0,23834.307100553266,127433.65500727677
272,-42454.883584093004,7946.576302149105,-42454.88358409261,7946.576302149032,-42454.8835840929,7946.576302149087,-46.0299116683329,0.0,-46.0299116683329,0.0,-46.0299116683329,0.0,23839.728906447224,127502.74048728352
273,-42435.76842231901,7948.1354709013685,-42435.76842231864,7948.135470901298,-42435.76842231893,7948.13547090135,-45.75183550254839,0.0,-45.75183550254839,0.0,-45.751835502548374,0.0,23844.406412704015,127444.56077346423
274,-42442.09794974731,7950.529282990825,-42442.09794974693,7950.529282990755,-42442.097949747214,7950.5292829908085,-45.51935304113796,0.0,-45.51935304113793,0.0,-45.51935304113793,0.0,23851.587848972384,127462.85190836487
275,-42438.49135153344,7951.29111172892,-42438.49135153307,7951.29111172885,-42438.491351533354,7951.291111728905,-45.23498987246235,0.0,-45.234989872462364,0.0,-45.234989872462364,0.0,23853.873335186676,127451.17902421724
276,-42468.23348679619,7951.078735622208,-42468.23348679581,7951.078735622136,-42468.23348679612,7951.078735622194,-45.486592742315466,0.0,-45.48659274231545,0.0,-45.486592742315466,0.0,23853.23620686654,127541.16023861509
277,-42450.078438652454,7950.019877461307,-42450.078438652075,7950.0198774612345,-42450.078438652374,7950.019877461291,-45.402583314505904,0.0,-45.402583314505904,0.0,-45.402583314505904,0.0,23850.059632383833,127486.44306590043
278,-42469.038761435135,7950.827314730094,-42469.038761434764,7950.827314730023,-42469.03876143504,7950.827314730078,-45.58891031780911,0.0,-45.58891031780911,0.0,-45.58891031780911,0.0,23852.481944190193,127543.88301525837
279,-42456.886523519715,7951.371198105844,-42456.88652351935,7951.371198105775,-42456.88652351963,7951.371198105827,-45.49217981777308,0.0,-45.49217981777309,0.0,-45.49217981777308,0.0,23854.113594317445,127507.13611001201
280,-42467.30724656441,7952.84515215353,-42467.30724656406,7952.845152153463,-42467.307246564334,7952.8451521535135,-45.514684825643386,0.0,-45.51468482564337,0.0,-45.514684825643386,0.0,23858.535456460508,127538.46579416974
281,-42460.060154288265,7953.576132091685,-42460.060154287916,7953.576132091619,-42460.0601542882,7953.57613209167,-45.37913587252956,0.0,-45.37913587252956,0.0,-45.37913587252956,0.0,23860.728396274975,127516.31787048196
282,-42486.17059133931,7954.243924501817,-42486.17059133897,7954.243924501752,-42486.17059133924,7954.243924501802,-45.67061628825735,0.0,-45.670616288257364,0.0,-45.670616288257364,0.0,23862.731773505373,127595.52362288229
283,-42468.40208501805,7954.118621268541,-42468.40208501773,7954.118621268477,-42468.40208501801,7954.118621268528,-45.60921153632546,0.0,-45.609211536325446,0.0,-45.60921153632546,0.0,23862.355863805547,127542.03388966278
284,-42478.641878802126,7955.299518238335,-42478.64187880179,7955.299518238271,-42478.641878802075,7955.299518238325,-45.68565076216244,0.0,-45.68565076216245,0.0,-45.68565076216247,0.0,23865.89855471493,127572.98258869248
285,-42488.05821564236,7955.717322581968,-42488.05821564204,7955.717322581908,-42488.058215642326,7955.717322581961,-45.891393429341065,0.0,-45.891393429341065,0.0,-45.89139342934105,0.0,23867.15196774584,127601.84882721475
286,-42492.731577613355,7956.161333837764,-42492.73157761304,7956.161333837707,-42492.73157761332,7956.161333837759,-46.122420471031475,0.0,-46.122420471031475,0.0,-46.122420471031475,0.0,23868.484001513232,127616.56199425281
287,-42478.96145025466,7957.111774462074,-42478.96145025436,7957.111774462019,-42478.96145025465,7957.11177446207,-46.05469675254025,0.0,-46.05469675254025,0.0,-46.054696752540224,0.0,23871.335323386164,127575.04844102128
288,-42497.220813725566,7958.38537159236,-42497.220813725246,7958.385371592302,-42497.22081372553,7958.385371592353,-46.28081684855937,0.0,-46.28081684855937,0.0,-46.28081684855937,0.0,23875.15611477702,127630.50489172203
289,-42466.732966902564,7958.457415417124,-42466.73296690223,7958.457415417064,-42466.73296690251,7958.457415417116,-45.98454284379687,0.0,-45.98454284379689,0.0,-45.98454284379687,0.0,23875.372246251303,127538.1525292387
290,-42454.657907644665,7958.93550047453,-42454.65790764434,7958.93550047447,-42454.657907644614,7958.935500474522,-45.58050982152032,0.0,-45.58050982152032,0.0,-45.58050982152032,0.0,23876.806501423525,127500.71525239816
291,-42460.18763075407,7957.405272850085,-42460.187630753724,7957.405272850023,-42460.187630754,7957.405272850075,-45.45123372956435,0.0,-45.45123372956438,0.0,-45.45123372956438,0.0,23872.215818550183,127516.9165934505
292,-42450.465235321986,7954.212667151588,-42450.46523532163,7954.212667151525,-42450.46523532189,7954.212667151576,-45.334430538722984,0.0,-45.33443053872301,0.0,-45.33443053872301,0.0,23862.638001454692,127487.39899758168
293,-42466.272079861934,7951.4325073677,-42466.272079861556,7951.4325073676355,-42466.27207986183,7951.4325073676855,-45.60448551177603,0.0,-45.604485511776005,0.0,-45.604485511776005,0.0,23854.29752210302,127535.62969612065
294,-42468.71792870411,7949.293069719231,-42468.717928703714,7949.293069719161,-42468.71792870398,7949.293069719211,-45.9147971838556,0.0,-45.91479718385558,0.0,-45.9147971838556,0.0,23847.879209157603,127543.89817766336
295,-42474.76115477529,7949.484658767159,-42474.76115477489,7949.484658767085,-42474.76115477515,7949.484658767136,-46.21693912226182,0.0,-46.21693912226182,0.0,-46.216939122261806,0.0,23848.45397630138,127562.9342816921
296,-42455.19826517852,7951.390258692719,-42455.19826517813,7951.390258692644,-42455.1982651784,7951.390258692694,-46.029524522127204,0.0,-46.029524522127204,0.0,-46.029524522127204,0.0,23854.17077607806,127503.68336910143
297,-42460.87384959316,7954.197391750753,-42460.87384959277,7954.1973917506775,-42460.87384959301,7954.197391750726,-45.862673416555694,0.0,-45.862673416555694,0.0,-45.862673416555694,0.0,23862.59217525216,127520.20956902861
298,-42476.05048237621,7955.234939789062,-42476.05048237582,7955.234939788988,-42476.05048237605,7955.234939789035,-45.94884397330951,0.0,-45.94884397330948,0.0,-45.94884397330951,0.0,23865.704819367085,127565.997979048
299,-42485.72325645889,7955.055590634463,-42485.72325645851,7955.055590634391,-42485.72325645874,7955.055590634436,-46.192272832100855,0.0,-46.19227283210084,0.0,-46.192272832100855,0.0,23865.16677190329,127595.74658787246
300,-42471.784846776936,7955.151031564247,-42471.78484677654,7955.1510315641735,-42471.784846776776,7955.151031564217,-46.15649357102693,0.0,-46.15649357102693,0.0,-46.15649357102693,0.0,23865.45309469264,127553.82402104334
